title,description,release_year,rental_duration,rental_rate,length,replacement_cost,rating,special_features
ACE GOLDFINGER,A Astounding Epistle of a Database Administrator And a Explorer who must Find a Car in Ancient China,2006,3,4.99,48,12.99,G,Trailers,Deleted Scenes
AIRPLANE SIERRA,A Touching Saga of a Hunter And a Butler who must Discover a Butler in A Jet Boat,2006,6,4.99,62,28.99,PG-13,Trailers,Deleted Scenes
AIRPORT POLLOCK,A Epic Tale of a Moose And a Girl who must Confront a Monkey in Ancient India,2006,6,4.99,54,15.99,R,Trailers
ALADDIN CALENDAR,A Action-Packed Tale of a Man And a Lumberjack who must Reach a Feminist in Ancient China,2006,6,4.99,63,24.99,NC-17,Trailers,Deleted Scenes
ALI FOREVER,A Action-Packed Drama of a Dentist And a Crocodile who must Battle a Feminist in The Canadian Rockies,2006,4,4.99,150,21.99,PG,Deleted Scenes,Behind the Scenes
AMELIE HELLFIGHTERS,A Boring Drama of a Woman And a Squirrel who must Conquer a Student in A Baloon,2006,4,4.99,79,23.99,R,Commentaries,Deleted Scenes,Behind the Scenes
AMERICAN CIRCUS,A Insightful Drama of a Girl And a Astronaut who must Face a Database Administrator in A Shark Tank,2006,3,4.99,129,17.99,R,Commentaries,Behind the Scenes
ANTHEM LUKE,A Touching Panorama of a Waitress And a Woman who must Outrace a Dog in An Abandoned Amusement Park,2006,5,4.99,91,16.99,PG-13,Deleted Scenes,Behind the Scenes
APACHE DIVINE,A Awe-Inspiring Reflection of a Pastry Chef And a Teacher who must Overcome a Sumo Wrestler in A U-Boat,2006,5,4.99,92,16.99,NC-17,Commentaries,Deleted Scenes,Behind the Scenes
APOCALYPSE FLAMINGOS,A Astounding Story of a Dog And a Squirrel who must Defeat a Woman in An Abandoned Amusement Park,2006,6,4.99,119,11.99,R,Trailers,Commentaries
ATTACKS HATE,A Fast-Paced Panorama of a Technical Writer And a Mad Scientist who must Find a Feminist in An Abandoned Mine Shaft,2006,5,4.99,113,21.99,PG-13,Trailers,Behind the Scenes
ATTRACTION NEWTON,A Astounding Panorama of a Composer And a Frisbee who must Reach a Husband in Ancient Japan,2006,5,4.99,83,14.99,PG-13,Trailers,Behind the Scenes
AUTUMN CROW,A Beautiful Tale of a Dentist And a Mad Cow who must Battle a Moose in The Sahara Desert,2006,3,4.99,108,13.99,G,Trailers,Commentaries,Deleted Scenes,Behind the Scenes
BABY HALL,A Boring Character Study of a A Shark And a Girl who must Outrace a Feminist in An Abandoned Mine Shaft,2006,5,4.99,153,23.99,NC-17,Commentaries
BACKLASH UNDEFEATED,A Stunning Character Study of a Mad Scientist And a Mad Cow who must Kill a Car in A Monastery,2006,3,4.99,118,24.99,PG-13,Trailers,Behind the Scenes
BEAST HUNCHBACK,A Awe-Inspiring Epistle of a Student And a Squirrel who must Defeat a Boy in Ancient China,2006,3,4.99,89,22.99,R,Deleted Scenes,Behind the Scenes
BEAUTY GREASE,A Fast-Paced Display of a Composer And a Moose who must Sink a Robot in An Abandoned Mine Shaft,2006,5,4.99,175,28.99,G,Trailers,Commentaries
BEHAVIOR RUNAWAY,A Unbelieveable Drama of a Student And a Husband who must Outrace a Sumo Wrestler in Berlin,2006,3,4.99,100,20.99,PG,Trailers,Deleted Scenes,Behind the Scenes
BETRAYED REAR,A Emotional Character Study of a Boat And a Pioneer who must Find a Explorer in A Shark Tank,2006,5,4.99,122,26.99,NC-17,Commentaries,Deleted Scenes,Behind the Scenes
BIKINI BORROWERS,A Astounding Drama of a Astronaut And a Cat who must Discover a Woman in The First Manned Space Station,2006,7,4.99,142,26.99,NC-17,Commentaries,Deleted Scenes
BILKO ANONYMOUS,A Emotional Reflection of a Teacher And a Man who must Meet a Cat in The First Manned Space Station,2006,3,4.99,100,25.99,PG-13,Commentaries,Deleted Scenes,Behind the Scenes
BIRCH ANTITRUST,A Fanciful Panorama of a Husband And a Pioneer who must Outgun a Dog in A Baloon,2006,4,4.99,162,18.99,PG,Trailers,Commentaries,Deleted Scenes
BIRD INDEPENDENCE,A Thrilling Documentary of a Car And a Student who must Sink a Hunter in The Canadian Rockies,2006,6,4.99,163,14.99,G,Commentaries,Behind the Scenes
BIRDS PERDITION,A Boring Story of a Womanizer And a Pioneer who must Face a Dog in California,2006,5,4.99,61,15.99,G,Trailers,Behind the Scenes
BLINDNESS GUN,A Touching Drama of a Robot And a Dentist who must Meet a Hunter in A Jet Boat,2006,6,4.99,103,29.99,PG-13,Trailers,Behind the Scenes
BOILED DARES,A Awe-Inspiring Story of a Waitress And a Dog who must Discover a Dentist in Ancient Japan,2006,7,4.99,102,13.99,PG,Trailers,Commentaries
BOOGIE AMELIE,A Lacklusture Character Study of a Husband And a Sumo Wrestler who must Succumb a Technical Writer in The Gulf of Mexico,2006,6,4.99,121,11.99,R,Commentaries,Behind the Scenes
BORN SPINAL,A Touching Epistle of a Frisbee And a Husband who must Pursue a Student in Nigeria,2006,7,4.99,179,17.99,PG,Trailers,Commentaries,Deleted Scenes
BOWFINGER GABLES,A Fast-Paced Yarn of a Waitress And a Composer who must Outgun a Dentist in California,2006,7,4.99,72,19.99,NC-17,Trailers,Deleted Scenes
BRANNIGAN SUNRISE,A Amazing Epistle of a Moose And a Crocodile who must Outrace a Dog in Berlin,2006,4,4.99,121,27.99,PG,Trailers
BREAKFAST GOLDFINGER,A Beautiful Reflection of a Student And a Student who must Fight a Moose in Berlin,2006,5,4.99,123,18.99,G,Trailers,Commentaries,Deleted Scenes
BRIGHT ENCOUNTERS,A Fateful Yarn of a Lumberjack And a Feminist who must Conquer a Student in A Jet Boat,2006,4,4.99,73,12.99,PG-13,Trailers
BROOKLYN DESERT,A Beautiful Drama of a Dentist And a Composer who must Battle a Sumo Wrestler in The First Manned Space Station,2006,7,4.99,161,21.99,R,Commentaries
BUBBLE GROSSE,A Awe-Inspiring Panorama of a Crocodile And a Moose who must Confront a Girl in A Baloon,2006,4,4.99,60,20.99,R,Trailers,Commentaries,Deleted Scenes,Behind the Scenes
BUCKET BROTHERHOOD,A Amazing Display of a Girl And a Womanizer who must Succumb a Lumberjack in A Baloon Factory,2006,7,4.99,133,27.99,PG,Commentaries,Deleted Scenes
CALENDAR GUNFIGHT,A Thrilling Drama of a Frisbee And a Lumberjack who must Sink a Man in Nigeria,2006,4,4.99,120,22.99,NC-17,Trailers,Commentaries,Behind the Scenes
CALIFORNIA BIRDS,A Thrilling Yarn of a Database Administrator And a Robot who must Battle a Database Administrator in Ancient India,2006,4,4.99,75,19.99,NC-17,Trailers,Commentaries,Deleted Scenes
CANDLES GRAPES,A Fanciful Character Study of a Monkey And a Explorer who must Build a Astronaut in An Abandoned Fun House,2006,6,4.99,135,15.99,NC-17,Trailers,Deleted Scenes
CARIBBEAN LIBERTY,A Fanciful Tale of a Pioneer And a Technical Writer who must Outgun a Pioneer in A Shark Tank,2006,3,4.99,92,16.99,NC-17,Commentaries,Deleted Scenes
CASABLANCA SUPER,A Amazing Panorama of a Crocodile And a Forensic Psychologist who must Pursue a Secret Agent in The First Manned Space Station,2006,6,4.99,85,22.99,G,Trailers,Deleted Scenes,Behind the Scenes
CASPER DRAGONFLY,A Intrepid Documentary of a Boat And a Crocodile who must Chase a Robot in The Sahara Desert,2006,3,4.99,163,16.99,PG-13,Trailers
CASUALTIES ENCINO,A Insightful Yarn of a A Shark And a Pastry Chef who must Face a Boy in A Monastery,2006,3,4.99,179,16.99,G,Trailers
CAT CONEHEADS,A Fast-Paced Panorama of a Girl And a A Shark who must Confront a Boy in Ancient India,2006,5,4.99,112,14.99,G,Commentaries,Deleted Scenes
CENTER DINOSAUR,A Beautiful Character Study of a Sumo Wrestler And a Dentist who must Find a Dog in California,2006,5,4.99,152,12.99,PG,Deleted Scenes
CHAMBER ITALIAN,A Fateful Reflection of a Moose And a Husband who must Overcome a Monkey in Nigeria,2006,7,4.99,117,14.99,NC-17,Trailers
CHAMPION FLATLINERS,A Amazing Story of a Mad Cow And a Dog who must Kill a Husband in A Monastery,2006,4,4.99,51,21.99,PG,Trailers
CHASING FIGHT,A Astounding Saga of a Technical Writer And a Butler who must Battle a Butler in A Shark Tank,2006,7,4.99,114,21.99,PG,Trailers,Commentaries
CHICAGO NORTH,A Fateful Yarn of a Mad Cow And a Waitress who must Battle a Student in California,2006,6,4.99,185,11.99,PG-13,Deleted Scenes,Behind the Scenes
CHINATOWN GLADIATOR,A Brilliant Panorama of a Technical Writer And a Lumberjack who must Escape a Butler in Ancient India,2006,7,4.99,61,24.99,PG,Trailers,Commentaries,Deleted Scenes
CHISUM BEHAVIOR,A Epic Documentary of a Sumo Wrestler And a Butler who must Kill a Car in Ancient India,2006,5,4.99,124,25.99,G,Trailers,Commentaries,Behind the Scenes
CINCINATTI WHISPERER,A Brilliant Saga of a Pastry Chef And a Hunter who must Confront a Butler in Berlin,2006,5,4.99,143,26.99,NC-17,Deleted Scenes
CLERKS ANGELS,A Thrilling Display of a Sumo Wrestler And a Girl who must Confront a Man in A Baloon,2006,3,4.99,164,15.99,G,Commentaries
CLOSER BANG,A Unbelieveable Panorama of a Frisbee And a Hunter who must Vanquish a Monkey in Ancient India,2006,5,4.99,58,12.99,R,Trailers,Behind the Scenes
CLUE GRAIL,A Taut Tale of a Butler And a Mad Scientist who must Build a Crocodile in Ancient China,2006,6,4.99,70,27.99,NC-17,Trailers,Commentaries,Behind the Scenes
COLDBLOODED DARLING,A Brilliant Panorama of a Dentist And a Moose who must Find a Student in The Gulf of Mexico,2006,7,4.99,70,27.99,G,Trailers,Deleted Scenes
COMA HEAD,A Awe-Inspiring Drama of a Boy And a Frisbee who must Escape a Pastry Chef in California,2006,6,4.99,109,10.99,NC-17,Commentaries
COMMAND DARLING,A Awe-Inspiring Tale of a Forensic Psychologist And a Woman who must Challenge a Database Administrator in Ancient Japan,2006,5,4.99,120,28.99,PG-13,Behind the Scenes
COMMANDMENTS EXPRESS,A Fanciful Saga of a Student And a Mad Scientist who must Battle a Hunter in An Abandoned Mine Shaft,2006,6,4.99,59,13.99,R,Trailers,Commentaries,Deleted Scenes
CONEHEADS SMOOCHY,A Touching Story of a Womanizer And a Composer who must Pursue a Husband in Nigeria,2006,7,4.99,112,12.99,NC-17,Deleted Scenes,Behind the Scenes
CONFESSIONS MAGUIRE,A Insightful Story of a Car And a Boy who must Battle a Technical Writer in A Baloon,2006,7,4.99,65,25.99,PG-13,Behind the Scenes
CONFIDENTIAL INTERVIEW,A Stunning Reflection of a Cat And a Woman who must Find a Astronaut in Ancient Japan,2006,6,4.99,180,13.99,NC-17,Commentaries
CONNECTICUT TRAMP,A Unbelieveable Drama of a Crocodile And a Mad Cow who must Reach a Dentist in A Shark Tank,2006,4,4.99,172,20.99,R,Commentaries,Deleted Scenes
CONQUERER NUTS,A Taut Drama of a Mad Scientist And a Man who must Escape a Pioneer in An Abandoned Mine Shaft,2006,4,4.99,173,14.99,G,Commentaries,Deleted Scenes,Behind the Scenes
CONTROL ANTHEM,A Fateful Documentary of a Robot And a Student who must Battle a Cat in A Monastery,2006,7,4.99,185,9.99,G,Commentaries
CONVERSATION DOWNHILL,A Taut Character Study of a Husband And a Waitress who must Sink a Squirrel in A MySQL Convention,2006,4,4.99,112,14.99,R,Commentaries
CREEPERS KANE,A Awe-Inspiring Reflection of a Squirrel And a Boat who must Outrace a Car in A Jet Boat,2006,5,4.99,172,23.99,NC-17,Trailers,Behind the Scenes
CROSSING DIVORCE,A Beautiful Documentary of a Dog And a Robot who must Redeem a Womanizer in Berlin,2006,4,4.99,50,19.99,R,Commentaries,Deleted Scenes,Behind the Scenes
CROWDS TELEMARK,A Intrepid Documentary of a Astronaut And a Forensic Psychologist who must Find a Frisbee in An Abandoned Fun House,2006,3,4.99,112,16.99,R,Trailers,Behind the Scenes
DADDY PITTSBURGH,A Epic Story of a A Shark And a Student who must Confront a Explorer in The Gulf of Mexico,2006,5,4.99,161,26.99,G,Deleted Scenes,Behind the Scenes
DAISY MENAGERIE,A Fast-Paced Saga of a Pastry Chef And a Monkey who must Sink a Composer in Ancient India,2006,5,4.99,84,9.99,G,Trailers,Commentaries,Behind the Scenes
DANGEROUS UPTOWN,A Unbelieveable Story of a Mad Scientist And a Woman who must Overcome a Dog in California,2006,7,4.99,121,26.99,PG,Commentaries
DARKO DORADO,A Stunning Reflection of a Frisbee And a Husband who must Redeem a Dog in New Orleans,2006,3,4.99,130,13.99,NC-17,Trailers,Commentaries,Deleted Scenes,Behind the Scenes
DARLING BREAKING,A Brilliant Documentary of a Astronaut And a Squirrel who must Succumb a Student in The Gulf of Mexico,2006,7,4.99,165,20.99,PG-13,Commentaries,Behind the Scenes
DARN FORRESTER,A Fateful Story of a A Shark And a Explorer who must Succumb a Technical Writer in A Jet Boat,2006,7,4.99,185,14.99,G,Deleted Scenes
DAUGHTER MADIGAN,A Beautiful Tale of a Hunter And a Mad Scientist who must Confront a Squirrel in The First Manned Space Station,2006,3,4.99,59,13.99,PG-13,Trailers
DAWN POND,A Thoughtful Documentary of a Dentist And a Forensic Psychologist who must Defeat a Waitress in Berlin,2006,4,4.99,57,27.99,PG,Trailers,Deleted Scenes,Behind the Scenes
DAY UNFAITHFUL,A Stunning Documentary of a Composer And a Mad Scientist who must Find a Technical Writer in A U-Boat,2006,3,4.99,113,16.99,G,Trailers,Commentaries,Deleted Scenes,Behind the Scenes
DAZED PUNK,A Action-Packed Story of a Pioneer And a Technical Writer who must Discover a Forensic Psychologist in An Abandoned Amusement Park,2006,6,4.99,120,20.99,G,Commentaries,Deleted Scenes
DEEP CRUSADE,A Amazing Tale of a Crocodile And a Squirrel who must Discover a Composer in Australia,2006,6,4.99,51,20.99,PG-13,Commentaries,Behind the Scenes
DESERT POSEIDON,A Brilliant Documentary of a Butler And a Frisbee who must Build a Astronaut in New Orleans,2006,4,4.99,64,27.99,R,Trailers,Behind the Scenes
DESPERATE TRAINSPOTTING,A Epic Yarn of a Forensic Psychologist And a Teacher who must Face a Lumberjack in California,2006,7,4.99,81,29.99,G,Deleted Scenes
DESTINY SATURDAY,A Touching Drama of a Crocodile And a Crocodile who must Conquer a Explorer in Soviet Georgia,2006,4,4.99,56,20.99,G,Trailers,Commentaries,Behind the Scenes
DETAILS PACKER,A Epic Saga of a Waitress And a Composer who must Face a Boat in A U-Boat,2006,4,4.99,88,17.99,R,Commentaries,Deleted Scenes
DEVIL DESIRE,A Beautiful Reflection of a Monkey And a Dentist who must Face a Database Administrator in Ancient Japan,2006,6,4.99,87,12.99,R,Trailers,Behind the Scenes
DOGMA FAMILY,A Brilliant Character Study of a Database Administrator And a Monkey who must Succumb a Astronaut in New Orleans,2006,5,4.99,122,16.99,G,Commentaries
DOORS PRESIDENT,A Awe-Inspiring Display of a Squirrel And a Woman who must Overcome a Boy in The Gulf of Mexico,2006,3,4.99,49,22.99,NC-17,Trailers,Commentaries,Deleted Scenes,Behind the Scenes
DORADO NOTTING,A Action-Packed Tale of a Sumo Wrestler And a A Shark who must Meet a Frisbee in California,2006,5,4.99,139,26.99,NC-17,Commentaries
DOUBTFIRE LABYRINTH,A Intrepid Panorama of a Butler And a Composer who must Meet a Mad Cow in The Sahara Desert,2006,5,4.99,154,16.99,R,Deleted Scenes,Behind the Scenes
DOZEN LION,A Taut Drama of a Cat And a Girl who must Defeat a Frisbee in The Canadian Rockies,2006,6,4.99,177,20.99,NC-17,Commentaries,Deleted Scenes,Behind the Scenes
DRAGONFLY STRANGERS,A Boring Documentary of a Pioneer And a Man who must Vanquish a Man in Nigeria,2006,6,4.99,133,19.99,NC-17,Trailers,Behind the Scenes
DRIFTER COMMANDMENTS,A Epic Reflection of a Womanizer And a Squirrel who must Discover a Husband in A Jet Boat,2006,5,4.99,61,18.99,PG-13,Trailers,Behind the Scenes
DRIVING POLISH,A Action-Packed Yarn of a Feminist And a Technical Writer who must Sink a Boat in An Abandoned Mine Shaft,2006,6,4.99,175,21.99,NC-17,Trailers,Deleted Scenes
DROP WATERFRONT,A Fanciful Documentary of a Husband And a Explorer who must Reach a Madman in Ancient China,2006,6,4.99,178,20.99,R,Trailers,Commentaries
DUDE BLINDNESS,A Stunning Reflection of a Husband And a Lumberjack who must Face a Frisbee in An Abandoned Fun House,2006,3,4.99,132,9.99,G,Trailers,Deleted Scenes
DURHAM PANKY,A Brilliant Panorama of a Girl And a Boy who must Face a Mad Scientist in An Abandoned Mine Shaft,2006,6,4.99,154,14.99,R,Trailers,Commentaries
DYING MAKER,A Intrepid Tale of a Boat And a Monkey who must Kill a Cat in California,2006,5,4.99,168,28.99,PG,Behind the Scenes
EAGLES PANKY,A Thoughtful Story of a Car And a Boy who must Find a A Shark in The Sahara Desert,2006,4,4.99,140,14.99,NC-17,Trailers,Commentaries,Behind the Scenes
EARLY HOME,A Amazing Panorama of a Mad Scientist And a Husband who must Meet a Woman in The Outback,2006,6,4.99,96,27.99,NC-17,Trailers,Commentaries,Behind the Scenes
EASY GLADIATOR,A Fateful Story of a Monkey And a Girl who must Overcome a Pastry Chef in Ancient India,2006,5,4.99,148,12.99,G,Trailers,Commentaries,Behind the Scenes
EDGE KISSING,A Beautiful Yarn of a Composer And a Mad Cow who must Redeem a Mad Scientist in A Jet Boat,2006,5,4.99,153,9.99,NC-17,Deleted Scenes
ELEMENT FREDDY,A Awe-Inspiring Reflection of a Waitress And a Squirrel who must Kill a Mad Cow in A Jet Boat,2006,6,4.99,115,28.99,NC-17,Commentaries,Behind the Scenes
ELEPHANT TROJAN,A Beautiful Panorama of a Lumberjack And a Forensic Psychologist who must Overcome a Frisbee in A Baloon,2006,4,4.99,126,24.99,PG-13,Behind the Scenes
ELF MURDER,A Action-Packed Story of a Frisbee And a Woman who must Reach a Girl in An Abandoned Mine Shaft,2006,4,4.99,155,19.99,NC-17,Trailers,Commentaries,Behind the Scenes
ELIZABETH SHANE,A Lacklusture Display of a Womanizer And a Dog who must Face a Sumo Wrestler in Ancient Japan,2006,7,4.99,152,11.99,NC-17,Trailers,Deleted Scenes,Behind the Scenes
ENEMY ODDS,A Fanciful Panorama of a Mad Scientist And a Woman who must Pursue a Astronaut in Ancient India,2006,5,4.99,77,23.99,NC-17,Trailers
EVE RESURRECTION,A Awe-Inspiring Yarn of a Pastry Chef And a Database Administrator who must Challenge a Teacher in A Baloon,2006,5,4.99,66,25.99,G,Trailers,Commentaries,Deleted Scenes
EXPECATIONS NATURAL,A Amazing Drama of a Butler And a Husband who must Reach a A Shark in A U-Boat,2006,5,4.99,138,26.99,PG-13,Deleted Scenes
FALCON VOLUME,A Fateful Saga of a Sumo Wrestler And a Hunter who must Redeem a A Shark in New Orleans,2006,5,4.99,102,21.99,PG-13,Commentaries,Behind the Scenes
FELLOWSHIP AUTUMN,A Lacklusture Reflection of a Dentist And a Hunter who must Meet a Teacher in A Baloon,2006,6,4.99,77,9.99,NC-17,Deleted Scenes,Behind the Scenes
FEVER EMPIRE,A Insightful Panorama of a Cat And a Boat who must Defeat a Boat in The Gulf of Mexico,2006,5,4.99,158,20.99,R,Commentaries,Deleted Scenes
FIDDLER LOST,A Boring Tale of a Squirrel And a Dog who must Challenge a Madman in The Gulf of Mexico,2006,4,4.99,75,20.99,R,Deleted Scenes,Behind the Scenes
FIDELITY DEVIL,A Awe-Inspiring Drama of a Technical Writer And a Composer who must Reach a Pastry Chef in A U-Boat,2006,5,4.99,118,11.99,G,Trailers,Deleted Scenes,Behind the Scenes
FIRE WOLVES,A Intrepid Documentary of a Frisbee And a Dog who must Outrace a Lumberjack in Nigeria,2006,5,4.99,173,18.99,R,Trailers
FLAMINGOS CONNECTICUT,A Fast-Paced Reflection of a Composer And a Composer who must Meet a Cat in The Sahara Desert,2006,4,4.99,80,28.99,PG-13,Trailers
FLASH WARS,A Astounding Saga of a Moose And a Pastry Chef who must Chase a Student in The Gulf of Mexico,2006,3,4.99,123,21.99,NC-17,Trailers,Commentaries,Behind the Scenes
FLIGHT LIES,A Stunning Character Study of a Crocodile And a Pioneer who must Pursue a Teacher in New Orleans,2006,7,4.99,179,22.99,R,Trailers
FLINTSTONES HAPPINESS,A Fateful Story of a Husband And a Moose who must Vanquish a Boy in California,2006,3,4.99,148,11.99,PG-13,Trailers,Commentaries,Deleted Scenes,Behind the Scenes
FOOL MOCKINGBIRD,A Lacklusture Tale of a Crocodile And a Composer who must Defeat a Madman in A U-Boat,2006,3,4.99,158,24.99,PG,Trailers,Commentaries
FORRESTER COMANCHEROS,A Fateful Tale of a Squirrel And a Forensic Psychologist who must Redeem a Man in Nigeria,2006,7,4.99,112,22.99,NC-17,Trailers,Behind the Scenes
FREDDY STORM,A Intrepid Saga of a Man And a Lumberjack who must Vanquish a Husband in The Outback,2006,6,4.99,65,21.99,NC-17,Trailers,Commentaries,Behind the Scenes
FRENCH HOLIDAY,A Thrilling Epistle of a Dog And a Feminist who must Kill a Madman in Berlin,2006,5,4.99,99,22.99,PG,Behind the Scenes
FRISCO FORREST,A Beautiful Documentary of a Woman And a Pioneer who must Pursue a Mad Scientist in A Shark Tank,2006,6,4.99,51,23.99,PG,Commentaries,Deleted Scenes,Behind the Scenes
FRONTIER CABIN,A Emotional Story of a Madman And a Waitress who must Battle a Teacher in An Abandoned Fun House,2006,6,4.99,183,14.99,PG-13,Commentaries,Deleted Scenes
FUGITIVE MAGUIRE,A Taut Epistle of a Feminist And a Sumo Wrestler who must Battle a Crocodile in Australia,2006,7,4.99,83,28.99,R,Trailers,Commentaries,Deleted Scenes
GALAXY SWEETHEARTS,A Emotional Reflection of a Womanizer And a Pioneer who must Face a Squirrel in Berlin,2006,4,4.99,128,13.99,R,Deleted Scenes
GAMES BOWFINGER,A Astounding Documentary of a Butler And a Explorer who must Challenge a Butler in A Monastery,2006,7,4.99,119,17.99,PG-13,Behind the Scenes
GARDEN ISLAND,A Unbelieveable Character Study of a Womanizer And a Madman who must Reach a Man in The Outback,2006,3,4.99,80,21.99,G,Trailers,Behind the Scenes
GHOST GROUNDHOG,A Brilliant Panorama of a Madman And a Composer who must Succumb a Car in Ancient India,2006,6,4.99,85,18.99,G,Trailers,Commentaries,Deleted Scenes,Behind the Scenes
GLADIATOR WESTWARD,A Astounding Reflection of a Squirrel And a Sumo Wrestler who must Sink a Dentist in Ancient Japan,2006,6,4.99,173,20.99,PG,Commentaries,Deleted Scenes
GOLD RIVER,A Taut Documentary of a Database Administrator And a Waitress who must Reach a Mad Scientist in A Baloon Factory,2006,4,4.99,154,21.99,R,Trailers,Commentaries,Deleted Scenes,Behind the Scenes
GOODFELLAS SALUTE,A Unbelieveable Tale of a Dog And a Explorer who must Sink a Mad Cow in A Baloon Factory,2006,4,4.99,56,22.99,PG,Deleted Scenes
GOSFORD DONNIE,A Epic Panorama of a Mad Scientist And a Monkey who must Redeem a Secret Agent in Berlin,2006,5,4.99,129,17.99,G,Commentaries
GRACELAND DYNAMITE,A Taut Display of a Cat And a Girl who must Overcome a Database Administrator in New Orleans,2006,5,4.99,140,26.99,R,Trailers,Commentaries
GRINCH MASSAGE,A Intrepid Display of a Madman And a Feminist who must Pursue a Pioneer in The First Manned Space Station,2006,7,4.99,150,25.99,R,Trailers
GROSSE WONDERFUL,A Epic Drama of a Cat And a Explorer who must Redeem a Moose in Australia,2006,5,4.99,49,19.99,R,Behind the Scenes
GROUNDHOG UNCUT,A Brilliant Panorama of a Astronaut And a Technical Writer who must Discover a Butler in A Manhattan Penthouse,2006,6,4.99,139,26.99,PG-13,Trailers,Commentaries,Deleted Scenes,Behind the Scenes
GUMP DATE,A Intrepid Yarn of a Explorer And a Student who must Kill a Husband in An Abandoned Mine Shaft,2006,3,4.99,53,12.99,NC-17,Deleted Scenes
GUYS FALCON,A Boring Story of a Woman And a Feminist who must Redeem a Squirrel in A U-Boat,2006,4,4.99,84,20.99,R,Trailers,Commentaries,Behind the Scenes
HALL CASSIDY,A Beautiful Panorama of a Pastry Chef And a A Shark who must Battle a Pioneer in Soviet Georgia,2006,5,4.99,51,13.99,NC-17,Commentaries,Behind the Scenes
HANGING DEEP,A Action-Packed Yarn of a Boat And a Crocodile who must Build a Monkey in Berlin,2006,5,4.99,62,18.99,G,Trailers,Commentaries,Deleted Scenes
HANOVER GALAXY,A Stunning Reflection of a Girl And a Secret Agent who must Succumb a Boy in A MySQL Convention,2006,5,4.99,47,21.99,NC-17,Commentaries,Deleted Scenes,Behind the Scenes
HARRY IDAHO,A Taut Yarn of a Technical Writer And a Feminist who must Outrace a Dog in California,2006,5,4.99,121,18.99,PG-13,Commentaries,Deleted Scenes
HAUNTED ANTITRUST,A Amazing Saga of a Man And a Dentist who must Reach a Technical Writer in Ancient India,2006,6,4.99,76,13.99,NC-17,Trailers,Deleted Scenes
HEAD STRANGER,A Thoughtful Saga of a Hunter And a Crocodile who must Confront a Dog in The Gulf of Mexico,2006,4,4.99,69,28.99,R,Trailers,Commentaries
HEARTBREAKERS BRIGHT,A Awe-Inspiring Documentary of a A Shark And a Dentist who must Outrace a Pastry Chef in The Canadian Rockies,2006,3,4.99,59,9.99,G,Trailers,Deleted Scenes
HEAVENLY GUN,A Beautiful Yarn of a Forensic Psychologist And a Frisbee who must Battle a Moose in A Jet Boat,2006,5,4.99,49,13.99,NC-17,Behind the Scenes
HEAVYWEIGHTS BEAST,A Unbelieveable Story of a Composer And a Dog who must Overcome a Womanizer in An Abandoned Amusement Park,2006,6,4.99,102,25.99,G,Deleted Scenes
HOLES BRANNIGAN,A Fast-Paced Reflection of a Technical Writer And a Student who must Fight a Boy in The Canadian Rockies,2006,7,4.99,128,27.99,PG,Commentaries,Behind the Scenes
HOLIDAY GAMES,A Insightful Reflection of a Waitress And a Madman who must Pursue a Boy in Ancient Japan,2006,7,4.99,78,10.99,PG-13,Trailers,Commentaries,Behind the Scenes
HOLLOW JEOPARDY,A Beautiful Character Study of a Robot And a Astronaut who must Overcome a Boat in A Monastery,2006,7,4.99,136,25.99,NC-17,Behind the Scenes
HOME PITY,A Touching Panorama of a Man And a Secret Agent who must Challenge a Teacher in A MySQL Convention,2006,7,4.99,185,15.99,R,Trailers,Commentaries,Behind the Scenes
HOTEL HAPPINESS,A Thrilling Yarn of a Pastry Chef And a A Shark who must Challenge a Mad Scientist in The Outback,2006,6,4.99,181,28.99,PG-13,Behind the Scenes
HUNCHBACK IMPOSSIBLE,A Touching Yarn of a Frisbee And a Dentist who must Fight a Composer in Ancient Japan,2006,4,4.99,151,28.99,PG-13,Trailers,Deleted Scenes
HUSTLER PARTY,A Emotional Reflection of a Sumo Wrestler And a Monkey who must Conquer a Robot in The Sahara Desert,2006,3,4.99,83,22.99,NC-17,Trailers,Commentaries,Behind the Scenes
HYSTERICAL GRAIL,A Amazing Saga of a Madman And a Dentist who must Build a Car in A Manhattan Penthouse,2006,5,4.99,150,19.99,PG,Trailers,Commentaries,Deleted Scenes
IGBY MAKER,A Epic Documentary of a Hunter And a Dog who must Outgun a Dog in A Baloon Factory,2006,7,4.99,160,12.99,NC-17,Trailers,Behind the Scenes
IMPOSSIBLE PREJUDICE,A Awe-Inspiring Yarn of a Monkey And a Hunter who must Chase a Teacher in Ancient China,2006,7,4.99,103,11.99,NC-17,Deleted Scenes
INCH JET,A Fateful Saga of a Womanizer And a Student who must Defeat a Butler in A Monastery,2006,6,4.99,167,18.99,NC-17,Deleted Scenes
INFORMER DOUBLE,A Action-Packed Display of a Woman And a Dentist who must Redeem a Forensic Psychologist in The Canadian Rockies,2006,4,4.99,74,23.99,NC-17,Trailers,Commentaries
INNOCENT USUAL,A Beautiful Drama of a Pioneer And a Crocodile who must Challenge a Student in The Outback,2006,3,4.99,178,26.99,PG-13,Trailers,Deleted Scenes,Behind the Scenes
INTERVIEW LIAISONS,A Action-Packed Reflection of a Student And a Butler who must Discover a Database Administrator in A Manhattan Penthouse,2006,4,4.99,59,17.99,R,Commentaries,Behind the Scenes
INTOLERABLE INTENTIONS,A Awe-Inspiring Story of a Monkey And a Pastry Chef who must Succumb a Womanizer in A MySQL Convention,2006,6,4.99,63,20.99,PG-13,Commentaries,Behind the Scenes
IRON MOON,A Fast-Paced Documentary of a Mad Cow And a Boy who must Pursue a Dentist in A Baloon,2006,7,4.99,46,27.99,PG,Commentaries,Behind the Scenes
ISHTAR ROCKETEER,A Astounding Saga of a Dog And a Squirrel who must Conquer a Dog in An Abandoned Fun House,2006,4,4.99,79,24.99,R,Trailers,Commentaries,Deleted Scenes
ITALIAN AFRICAN,A Astounding Character Study of a Monkey And a Moose who must Outgun a Cat in A U-Boat,2006,3,4.99,174,24.99,G,Trailers,Commentaries,Deleted Scenes
JERSEY SASSY,A Lacklusture Documentary of a Madman And a Mad Cow who must Find a Feminist in Ancient Japan,2006,6,4.99,60,16.99,PG,Deleted Scenes,Behind the Scenes
JET NEIGHBORS,A Amazing Display of a Lumberjack And a Teacher who must Outrace a Woman in A U-Boat,2006,7,4.99,59,14.99,R,Trailers,Commentaries,Behind the Scenes
JINGLE SAGEBRUSH,A Epic Character Study of a Feminist And a Student who must Meet a Woman in A Baloon,2006,6,4.99,124,29.99,PG-13,Trailers,Commentaries
KING EVOLUTION,A Action-Packed Tale of a Boy And a Lumberjack who must Chase a Madman in A Baloon,2006,3,4.99,184,24.99,NC-17,Trailers,Deleted Scenes,Behind the Scenes
KISS GLORY,A Lacklusture Reflection of a Girl And a Husband who must Find a Robot in The Canadian Rockies,2006,5,4.99,163,11.99,PG-13,Trailers,Commentaries,Behind the Scenes
KISSING DOLLS,A Insightful Reflection of a Pioneer And a Teacher who must Build a Composer in The First Manned Space Station,2006,3,4.99,141,9.99,R,Trailers
LADY STAGE,A Beautiful Character Study of a Woman And a Man who must Pursue a Explorer in A U-Boat,2006,4,4.99,67,14.99,PG,Trailers,Deleted Scenes,Behind the Scenes
LAMBS CINCINATTI,A Insightful Story of a Man And a Feminist who must Fight a Composer in Australia,2006,6,4.99,144,18.99,PG-13,Trailers,Behind the Scenes
LAWLESS VISION,A Insightful Yarn of a Boy And a Sumo Wrestler who must Outgun a Car in The Outback,2006,6,4.99,181,29.99,G,Deleted Scenes,Behind the Scenes
LEAGUE HELLFIGHTERS,A Thoughtful Saga of a A Shark And a Monkey who must Outgun a Student in Ancient China,2006,5,4.99,110,25.99,PG-13,Trailers
LEGALLY SECRETARY,A Astounding Tale of a A Shark And a Moose who must Meet a Womanizer in The Sahara Desert,2006,7,4.99,113,14.99,PG,Trailers,Commentaries,Behind the Scenes
LIAISONS SWEET,A Boring Drama of a A Shark And a Explorer who must Redeem a Waitress in The Canadian Rockies,2006,5,4.99,140,15.99,PG,Commentaries,Behind the Scenes
LIES TREATMENT,A Fast-Paced Character Study of a Dentist And a Moose who must Defeat a Composer in The First Manned Space Station,2006,7,4.99,147,28.99,NC-17,Commentaries,Deleted Scenes,Behind the Scenes
LOLA AGENT,A Astounding Tale of a Mad Scientist And a Husband who must Redeem a Database Administrator in Ancient Japan,2006,4,4.99,85,24.99,PG,Trailers,Commentaries
LOSER HUSTLER,A Stunning Drama of a Robot And a Feminist who must Outgun a Butler in Nigeria,2006,5,4.99,80,28.99,PG,Deleted Scenes,Behind the Scenes
MADIGAN DORADO,A Astounding Character Study of a A Shark And a A Shark who must Discover a Crocodile in The Outback,2006,5,4.99,116,20.99,R,Deleted Scenes,Behind the Scenes
MAIDEN HOME,A Lacklusture Saga of a Moose And a Teacher who must Kill a Forensic Psychologist in A MySQL Convention,2006,3,4.99,138,9.99,PG,Behind the Scenes
MALTESE HOPE,A Fast-Paced Documentary of a Crocodile And a Sumo Wrestler who must Conquer a Explorer in California,2006,6,4.99,127,26.99,PG-13,Behind the Scenes
MASSACRE USUAL,A Fateful Reflection of a Waitress And a Crocodile who must Challenge a Forensic Psychologist in California,2006,6,4.99,165,16.99,R,Commentaries
MATRIX SNOWMAN,A Action-Packed Saga of a Womanizer And a Woman who must Overcome a Student in California,2006,6,4.99,56,9.99,PG-13,Commentaries,Deleted Scenes,Behind the Scenes
MEMENTO ZOOLANDER,A Touching Epistle of a Squirrel And a Explorer who must Redeem a Pastry Chef in The Sahara Desert,2006,4,4.99,77,11.99,NC-17,Behind the Scenes
MERMAID INSECTS,A Lacklusture Drama of a Waitress And a Husband who must Fight a Husband in California,2006,5,4.99,104,20.99,NC-17,Trailers,Behind the Scenes
MIDSUMMER GROUNDHOG,A Fateful Panorama of a Moose And a Dog who must Chase a Crocodile in Ancient Japan,2006,3,4.99,48,27.99,G,Trailers,Deleted Scenes
MILLION ACE,A Brilliant Documentary of a Womanizer And a Squirrel who must Find a Technical Writer in The Sahara Desert,2006,4,4.99,142,16.99,PG-13,Deleted Scenes
MINDS TRUMAN,A Taut Yarn of a Mad Scientist And a Crocodile who must Outgun a Database Administrator in A Monastery,2006,3,4.99,149,22.99,PG-13,Deleted Scenes,Behind the Scenes
MINE TITANS,A Amazing Yarn of a Robot And a Womanizer who must Discover a Forensic Psychologist in Berlin,2006,3,4.99,166,12.99,PG-13,Trailers,Deleted Scenes
MISSION ZOOLANDER,A Intrepid Story of a Sumo Wrestler And a Teacher who must Meet a A Shark in An Abandoned Fun House,2006,3,4.99,164,26.99,PG-13,Behind the Scenes
MOD SECRETARY,A Boring Documentary of a Mad Cow And a Cat who must Build a Lumberjack in New Orleans,2006,6,4.99,77,20.99,NC-17,Commentaries,Behind the Scenes
MODEL FISH,A Beautiful Panorama of a Boat And a Crocodile who must Outrace a Dog in Australia,2006,4,4.99,175,11.99,NC-17,Trailers,Commentaries,Behind the Scenes
MONSOON CAUSE,A Astounding Tale of a Crocodile And a Car who must Outrace a Squirrel in A U-Boat,2006,6,4.99,182,20.99,PG,Commentaries,Behind the Scenes
MOONSHINE CABIN,A Thoughtful Display of a Astronaut And a Feminist who must Chase a Frisbee in A Jet Boat,2006,4,4.99,171,25.99,PG-13,Behind the Scenes
MOONWALKER FOOL,A Epic Drama of a Feminist And a Pioneer who must Sink a Composer in New Orleans,2006,5,4.99,184,12.99,G,Trailers,Deleted Scenes
MOVIE SHAKESPEARE,A Insightful Display of a Database Administrator And a Student who must Build a Hunter in Berlin,2006,6,4.99,53,27.99,PG,Commentaries,Deleted Scenes,Behind the Scenes
MUPPET MILE,A Lacklusture Story of a Madman And a Teacher who must Kill a Frisbee in The Gulf of Mexico,2006,5,4.99,50,18.99,PG,Trailers,Deleted Scenes
MUSKETEERS WAIT,A Touching Yarn of a Student And a Moose who must Fight a Mad Cow in Australia,2006,7,4.99,73,17.99,PG,Deleted Scenes,Behind the Scenes
NAME DETECTIVE,A Touching Saga of a Sumo Wrestler And a Cat who must Pursue a Mad Scientist in Nigeria,2006,5,4.99,178,11.99,PG-13,Trailers,Commentaries,Behind the Scenes
NIGHTMARE CHILL,A Brilliant Display of a Robot And a Butler who must Fight a Waitress in An Abandoned Mine Shaft,2006,3,4.99,149,25.99,PG,Trailers,Deleted Scenes,Behind the Scenes
NORTH TEQUILA,A Beautiful Character Study of a Mad Cow And a Robot who must Reach a Womanizer in New Orleans,2006,4,4.99,67,9.99,NC-17,Commentaries,Deleted Scenes,Behind the Scenes
NUTS TIES,A Thoughtful Drama of a Explorer And a Womanizer who must Meet a Teacher in California,2006,5,4.99,145,10.99,NC-17,Trailers,Behind the Scenes
OCTOBER SUBMARINE,A Taut Epistle of a Monkey And a Boy who must Confront a Husband in A Jet Boat,2006,6,4.99,54,10.99,PG-13,Trailers,Commentaries,Behind the Scenes
OPEN AFRICAN,A Lacklusture Drama of a Secret Agent And a Explorer who must Discover a Car in A U-Boat,2006,7,4.99,131,16.99,PG,Trailers,Commentaries
OPPOSITE NECKLACE,A Fateful Epistle of a Crocodile And a Moose who must Kill a Explorer in Nigeria,2006,7,4.99,92,9.99,PG,Deleted Scenes
OPUS ICE,A Fast-Paced Drama of a Hunter And a Boy who must Discover a Feminist in The Sahara Desert,2006,5,4.99,102,21.99,R,Commentaries,Deleted Scenes
OUTLAW HANKY,A Thoughtful Story of a Astronaut And a Composer who must Conquer a Dog in The Sahara Desert,2006,7,4.99,148,17.99,PG-13,Trailers,Commentaries
PANIC CLUB,A Fanciful Display of a Teacher And a Crocodile who must Succumb a Girl in A Baloon,2006,3,4.99,102,15.99,G,Commentaries,Deleted Scenes
PANKY SUBMARINE,A Touching Documentary of a Dentist And a Sumo Wrestler who must Overcome a Boy in The Gulf of Mexico,2006,4,4.99,93,19.99,G,Trailers,Commentaries,Deleted Scenes,Behind the Scenes
PANTHER REDS,A Brilliant Panorama of a Moose And a Man who must Reach a Teacher in The Gulf of Mexico,2006,5,4.99,109,22.99,NC-17,Deleted Scenes,Behind the Scenes
PARK CITIZEN,A Taut Epistle of a Sumo Wrestler And a Girl who must Face a Husband in Ancient Japan,2006,3,4.99,109,14.99,PG-13,Trailers,Deleted Scenes
PAST SUICIDES,A Intrepid Tale of a Madman And a Astronaut who must Challenge a Hunter in A Monastery,2006,5,4.99,157,17.99,PG-13,Trailers,Deleted Scenes,Behind the Scenes
PATHS CONTROL,A Astounding Documentary of a Butler And a Cat who must Find a Frisbee in Ancient China,2006,3,4.99,118,9.99,PG,Trailers,Behind the Scenes
PAYCHECK WAIT,A Awe-Inspiring Reflection of a Boy And a Man who must Discover a Moose in The Sahara Desert,2006,4,4.99,145,27.99,PG-13,Commentaries,Deleted Scenes
PEAK FOREVER,A Insightful Reflection of a Boat And a Secret Agent who must Vanquish a Astronaut in An Abandoned Mine Shaft,2006,7,4.99,80,25.99,PG,Trailers,Commentaries,Deleted Scenes,Behind the Scenes
PELICAN COMFORTS,A Epic Documentary of a Boy And a Monkey who must Pursue a Astronaut in Berlin,2006,4,4.99,48,17.99,PG,Commentaries,Deleted Scenes
PERDITION FARGO,A Fast-Paced Story of a Car And a Cat who must Outgun a Hunter in Berlin,2006,7,4.99,99,27.99,NC-17,Trailers,Behind the Scenes
PHILADELPHIA WIFE,A Taut Yarn of a Hunter And a Astronaut who must Conquer a Database Administrator in The Sahara Desert,2006,7,4.99,137,16.99,PG-13,Trailers,Commentaries,Deleted Scenes
PINOCCHIO SIMON,A Action-Packed Reflection of a Mad Scientist And a A Shark who must Find a Feminist in California,2006,4,4.99,103,21.99,PG,Commentaries,Behind the Scenes
PITTSBURGH HUNCHBACK,A Thrilling Epistle of a Boy And a Boat who must Find a Student in Soviet Georgia,2006,4,4.99,134,17.99,PG-13,Trailers,Deleted Scenes,Behind the Scenes
PITY BOUND,A Boring Panorama of a Feminist And a Moose who must Defeat a Database Administrator in Nigeria,2006,5,4.99,60,19.99,NC-17,Commentaries
PLATOON INSTINCT,A Thrilling Panorama of a Man And a Woman who must Reach a Woman in Australia,2006,6,4.99,132,10.99,PG-13,Trailers,Commentaries
PLUTO OLEANDER,A Action-Packed Reflection of a Car And a Moose who must Outgun a Car in A Shark Tank,2006,5,4.99,84,9.99,R,Behind the Scenes
POSEIDON FOREVER,A Thoughtful Epistle of a Womanizer And a Monkey who must Vanquish a Dentist in A Monastery,2006,6,4.99,159,29.99,PG-13,Commentaries
PREJUDICE OLEANDER,A Epic Saga of a Boy And a Dentist who must Outrace a Madman in A U-Boat,2006,6,4.99,98,15.99,PG-13,Trailers,Commentaries,Deleted Scenes
PRESIDENT BANG,A Fateful Panorama of a Technical Writer And a Moose who must Battle a Robot in Soviet Georgia,2006,6,4.99,144,12.99,PG,Behind the Scenes
PRIVATE DROP,A Stunning Story of a Technical Writer And a Hunter who must Succumb a Secret Agent in A Baloon,2006,7,4.99,106,26.99,PG,Trailers
PUNK DIVORCE,A Fast-Paced Tale of a Pastry Chef And a Boat who must Face a Frisbee in The Canadian Rockies,2006,6,4.99,100,18.99,PG,Trailers,Commentaries,Deleted Scenes
QUEEN LUKE,A Astounding Story of a Girl And a Boy who must Challenge a Composer in New Orleans,2006,5,4.99,163,22.99,PG,Commentaries,Deleted Scenes,Behind the Scenes
QUILLS BULL,A Thoughtful Story of a Pioneer And a Woman who must Reach a Moose in Australia,2006,4,4.99,112,19.99,R,Trailers,Behind the Scenes
RAGE GAMES,A Fast-Paced Saga of a Astronaut And a Secret Agent who must Escape a Hunter in An Abandoned Amusement Park,2006,4,4.99,120,18.99,R,Trailers,Behind the Scenes
RAGING AIRPLANE,A Astounding Display of a Secret Agent And a Technical Writer who must Escape a Mad Scientist in A Jet Boat,2006,4,4.99,154,18.99,R,Commentaries,Deleted Scenes
RAINBOW SHOCK,A Action-Packed Story of a Hunter And a Boy who must Discover a Lumberjack in Ancient India,2006,3,4.99,74,14.99,PG,Trailers,Commentaries,Deleted Scenes,Behind the Scenes
RANGE MOONWALKER,A Insightful Documentary of a Hunter And a Dentist who must Confront a Crocodile in A Baloon,2006,3,4.99,147,25.99,PG,Trailers,Commentaries,Deleted Scenes
RECORDS ZORRO,A Amazing Drama of a Mad Scientist And a Composer who must Build a Husband in The Outback,2006,7,4.99,182,11.99,PG,Behind the Scenes
REDS POCUS,A Lacklusture Yarn of a Sumo Wrestler And a Squirrel who must Redeem a Monkey in Soviet Georgia,2006,7,4.99,182,23.99,PG-13,Trailers,Behind the Scenes
REQUIEM TYCOON,A Unbelieveable Character Study of a Cat And a Database Administrator who must Pursue a Teacher in A Monastery,2006,6,4.99,167,25.99,R,Trailers,Commentaries,Behind the Scenes
RIGHT CRANES,A Fateful Character Study of a Boat And a Cat who must Find a Database Administrator in A Jet Boat,2006,7,4.99,153,29.99,PG-13,Trailers,Commentaries,Deleted Scenes
ROAD ROXANNE,A Boring Character Study of a Waitress And a Astronaut who must Fight a Crocodile in Ancient Japan,2006,4,4.99,158,12.99,R,Behind the Scenes
ROCKY WAR,A Fast-Paced Display of a Squirrel And a Explorer who must Outgun a Mad Scientist in Nigeria,2006,4,4.99,145,17.99,PG-13,Trailers,Commentaries,Behind the Scenes
ROSES TREASURE,A Astounding Panorama of a Monkey And a Secret Agent who must Defeat a Woman in The First Manned Space Station,2006,5,4.99,162,23.99,PG-13,Commentaries,Deleted Scenes,Behind the Scenes
RULES HUMAN,A Beautiful Epistle of a Astronaut And a Student who must Confront a Monkey in An Abandoned Fun House,2006,6,4.99,153,19.99,R,Deleted Scenes,Behind the Scenes
SABRINA MIDNIGHT,A Emotional Story of a Squirrel And a Crocodile who must Succumb a Husband in The Sahara Desert,2006,5,4.99,99,11.99,PG,Trailers,Behind the Scenes
SATISFACTION CONFIDENTIAL,A Lacklusture Yarn of a Dentist And a Butler who must Meet a Secret Agent in Ancient China,2006,3,4.99,75,26.99,G,Commentaries,Deleted Scenes,Behind the Scenes
SATURDAY LAMBS,A Thoughtful Reflection of a Mad Scientist And a Moose who must Kill a Husband in A Baloon,2006,3,4.99,150,28.99,G,Commentaries,Deleted Scenes
SATURN NAME,A Fateful Epistle of a Butler And a Boy who must Redeem a Teacher in Berlin,2006,7,4.99,182,18.99,R,Trailers,Commentaries,Deleted Scenes,Behind the Scenes
SCALAWAG DUCK,A Fateful Reflection of a Car And a Teacher who must Confront a Waitress in A Monastery,2006,6,4.99,183,13.99,NC-17,Commentaries,Behind the Scenes
SCARFACE BANG,A Emotional Yarn of a Teacher And a Girl who must Find a Teacher in A Baloon Factory,2006,3,4.99,102,11.99,PG-13,Commentaries,Deleted Scenes
SCHOOL JACKET,A Intrepid Yarn of a Monkey And a Boy who must Fight a Composer in A Manhattan Penthouse,2006,5,4.99,151,21.99,PG-13,Trailers
SCORPION APOLLO,A Awe-Inspiring Documentary of a Technical Writer And a Husband who must Meet a Monkey in An Abandoned Fun House,2006,3,4.99,137,23.99,NC-17,Commentaries,Deleted Scenes
SEATTLE EXPECATIONS,A Insightful Reflection of a Crocodile And a Sumo Wrestler who must Meet a Technical Writer in The Sahara Desert,2006,4,4.99,110,18.99,PG-13,Trailers
SECRET GROUNDHOG,A Astounding Story of a Cat And a Database Administrator who must Build a Technical Writer in New Orleans,2006,6,4.99,90,11.99,PG,Commentaries,Deleted Scenes
SECRETARY ROUGE,A Action-Packed Panorama of a Mad Cow And a Composer who must Discover a Robot in A Baloon Factory,2006,5,4.99,158,10.99,PG,Commentaries,Behind the Scenes
SECRETS PARADISE,A Fateful Saga of a Cat And a Frisbee who must Kill a Girl in A Manhattan Penthouse,2006,3,4.99,109,24.99,G,Trailers,Commentaries
SENSE GREEK,A Taut Saga of a Lumberjack And a Pastry Chef who must Escape a Sumo Wrestler in An Abandoned Fun House,2006,4,4.99,54,23.99,R,Deleted Scenes,Behind the Scenes
SENSIBILITY REAR,A Emotional Tale of a Robot And a Sumo Wrestler who must Redeem a Pastry Chef in A Baloon Factory,2006,7,4.99,98,15.99,PG,Behind the Scenes
SEVEN SWARM,A Unbelieveable Character Study of a Dog And a Mad Cow who must Kill a Monkey in Berlin,2006,4,4.99,127,15.99,R,Deleted Scenes
SHAWSHANK BUBBLE,A Lacklusture Story of a Moose And a Monkey who must Confront a Butler in An Abandoned Amusement Park,2006,6,4.99,80,20.99,PG,Commentaries,Deleted Scenes
SHOW LORD,A Fanciful Saga of a Student And a Girl who must Find a Butler in Ancient Japan,2006,3,4.99,167,24.99,PG-13,Deleted Scenes
SILVERADO GOLDFINGER,A Stunning Epistle of a Sumo Wrestler And a Man who must Challenge a Waitress in Ancient India,2006,4,4.99,74,11.99,PG,Trailers,Commentaries
SISTER FREDDY,A Stunning Saga of a Butler And a Woman who must Pursue a Explorer in Australia,2006,5,4.99,152,19.99,PG-13,Trailers,Behind the Scenes
SLACKER LIAISONS,A Fast-Paced Tale of a A Shark And a Student who must Meet a Crocodile in Ancient China,2006,7,4.99,179,29.99,R,Trailers,Commentaries,Behind the Scenes
SLEEPING SUSPECTS,A Stunning Reflection of a Sumo Wrestler And a Explorer who must Sink a Frisbee in A MySQL Convention,2006,7,4.99,129,13.99,PG-13,Trailers,Commentaries
SLEEPLESS MONSOON,A Amazing Saga of a Moose And a Pastry Chef who must Escape a Butler in Australia,2006,5,4.99,64,12.99,G,Trailers,Deleted Scenes,Behind the Scenes
SNATCH SLIPPER,A Insightful Panorama of a Woman And a Feminist who must Defeat a Forensic Psychologist in Berlin,2006,6,4.99,110,15.99,PG,Commentaries
SOLDIERS EVOLUTION,A Lacklusture Panorama of a A Shark And a Pioneer who must Confront a Student in The First Manned Space Station,2006,7,4.99,185,27.99,R,Trailers,Commentaries,Deleted Scenes,Behind the Scenes
SOMETHING DUCK,A Boring Character Study of a Car And a Husband who must Outgun a Frisbee in The First Manned Space Station,2006,4,4.99,180,17.99,NC-17,Commentaries,Behind the Scenes
SPARTACUS CHEAPER,A Thrilling Panorama of a Pastry Chef And a Secret Agent who must Overcome a Student in A Manhattan Penthouse,2006,4,4.99,52,19.99,NC-17,Deleted Scenes,Behind the Scenes
SPEED SUIT,A Brilliant Display of a Frisbee And a Mad Scientist who must Succumb a Robot in Ancient China,2006,7,4.99,124,19.99,PG-13,Commentaries,Behind the Scenes
SPICE SORORITY,A Fateful Display of a Pioneer And a Hunter who must Defeat a Husband in An Abandoned Mine Shaft,2006,5,4.99,141,22.99,NC-17,Trailers,Commentaries,Deleted Scenes,Behind the Scenes
STAGECOACH ARMAGEDDON,A Touching Display of a Pioneer And a Butler who must Chase a Car in California,2006,5,4.99,112,25.99,R,Trailers,Deleted Scenes
STEEL SANTA,A Fast-Paced Yarn of a Composer And a Frisbee who must Face a Moose in Nigeria,2006,4,4.99,143,15.99,NC-17,Commentaries,Deleted Scenes
STEERS ARMAGEDDON,A Stunning Character Study of a Car And a Girl who must Succumb a Car in A MySQL Convention,2006,6,4.99,140,16.99,PG,Trailers,Commentaries,Deleted Scenes,Behind the Scenes
STEPMOM DREAM,A Touching Epistle of a Crocodile And a Teacher who must Build a Forensic Psychologist in A MySQL Convention,2006,7,4.99,48,9.99,NC-17,Deleted Scenes,Behind the Scenes
STING PERSONAL,A Fanciful Drama of a Frisbee And a Dog who must Fight a Madman in A Jet Boat,2006,3,4.99,93,9.99,NC-17,Commentaries,Deleted Scenes,Behind the Scenes
STRANGER STRANGERS,A Awe-Inspiring Yarn of a Womanizer And a Explorer who must Fight a Woman in The First Manned Space Station,2006,3,4.99,139,12.99,G,Commentaries,Deleted Scenes
STRANGERS GRAFFITI,A Brilliant Character Study of a Secret Agent And a Man who must Find a Cat in The Gulf of Mexico,2006,4,4.99,119,22.99,R,Trailers,Behind the Scenes
STREETCAR INTENTIONS,A Insightful Character Study of a Waitress And a Crocodile who must Sink a Waitress in The Gulf of Mexico,2006,5,4.99,73,11.99,R,Commentaries
SUBMARINE BED,A Amazing Display of a Car And a Monkey who must Fight a Teacher in Soviet Georgia,2006,5,4.99,127,21.99,R,Trailers
SUGAR WONKA,A Touching Story of a Dentist And a Database Administrator who must Conquer a Astronaut in An Abandoned Amusement Park,2006,3,4.99,114,20.99,PG,Trailers,Commentaries,Behind the Scenes
SUICIDES SILENCE,A Emotional Character Study of a Car And a Girl who must Face a Composer in A U-Boat,2006,4,4.99,93,13.99,G,Deleted Scenes
SUIT WALLS,A Touching Panorama of a Lumberjack And a Frisbee who must Build a Dog in Australia,2006,3,4.99,111,12.99,R,Commentaries
SUNRISE LEAGUE,A Beautiful Epistle of a Madman And a Butler who must Face a Crocodile in A Manhattan Penthouse,2006,3,4.99,135,19.99,PG-13,Behind the Scenes
SUPER WYOMING,A Action-Packed Saga of a Pastry Chef And a Explorer who must Discover a A Shark in The Outback,2006,5,4.99,58,10.99,PG,Trailers,Commentaries,Behind the Scenes
SWEDEN SHINING,A Taut Documentary of a Car And a Robot who must Conquer a Boy in The Canadian Rockies,2006,6,4.99,176,19.99,PG,Deleted Scenes,Behind the Scenes
TEEN APOLLO,A Awe-Inspiring Drama of a Dog And a Man who must Escape a Robot in A Shark Tank,2006,3,4.99,74,25.99,G,Trailers,Deleted Scenes,Behind the Scenes
TELEGRAPH VOYAGE,A Fateful Yarn of a Husband And a Dog who must Battle a Waitress in A Jet Boat,2006,3,4.99,148,20.99,PG,Commentaries
TEMPLE ATTRACTION,A Action-Packed Saga of a Forensic Psychologist And a Woman who must Battle a Womanizer in Soviet Georgia,2006,5,4.99,71,13.99,PG,Commentaries,Deleted Scenes
TEQUILA PAST,A Action-Packed Panorama of a Mad Scientist And a Robot who must Challenge a Student in Nigeria,2006,6,4.99,53,17.99,PG,Commentaries,Behind the Scenes
TERMINATOR CLUB,A Touching Story of a Crocodile And a Girl who must Sink a Man in The Gulf of Mexico,2006,5,4.99,88,11.99,R,Trailers,Deleted Scenes,Behind the Scenes
THIEF PELICAN,A Touching Documentary of a Madman And a Mad Scientist who must Outrace a Feminist in An Abandoned Mine Shaft,2006,5,4.99,135,28.99,PG-13,Deleted Scenes,Behind the Scenes
THIN SAGEBRUSH,A Emotional Drama of a Husband And a Lumberjack who must Build a Cat in Ancient India,2006,5,4.99,53,9.99,PG-13,Behind the Scenes
TIES HUNGER,A Insightful Saga of a Astronaut And a Explorer who must Pursue a Mad Scientist in A U-Boat,2006,3,4.99,111,28.99,R,Deleted Scenes
TITANIC BOONDOCK,A Brilliant Reflection of a Feminist And a Dog who must Fight a Boy in A Baloon Factory,2006,3,4.99,104,18.99,R,Trailers,Commentaries,Deleted Scenes,Behind the Scenes
TITANS JERK,A Unbelieveable Panorama of a Feminist And a Sumo Wrestler who must Challenge a Technical Writer in Ancient China,2006,4,4.99,91,11.99,PG,Behind the Scenes
TORQUE BOUND,A Emotional Display of a Crocodile And a Husband who must Reach a Man in Ancient Japan,2006,3,4.99,179,27.99,G,Trailers,Commentaries
TOURIST PELICAN,A Boring Story of a Butler And a Astronaut who must Outrace a Pioneer in Australia,2006,4,4.99,152,18.99,PG-13,Deleted Scenes
TRADING PINOCCHIO,A Emotional Character Study of a Student And a Explorer who must Discover a Frisbee in The First Manned Space Station,2006,6,4.99,170,22.99,PG,Trailers,Deleted Scenes,Behind the Scenes
TRAFFIC HOBBIT,A Amazing Epistle of a Squirrel And a Lumberjack who must Succumb a Database Administrator in A U-Boat,2006,5,4.99,139,13.99,G,Trailers,Commentaries
TRAIN BUNCH,A Thrilling Character Study of a Robot And a Squirrel who must Face a Dog in Ancient India,2006,3,4.99,71,26.99,R,Trailers,Deleted Scenes
TRAINSPOTTING STRANGERS,A Fast-Paced Drama of a Pioneer And a Mad Cow who must Challenge a Madman in Ancient Japan,2006,7,4.99,132,10.99,PG-13,Trailers
TRAP GUYS,A Unbelieveable Story of a Boy And a Mad Cow who must Challenge a Database Administrator in The Sahara Desert,2006,3,4.99,110,11.99,G,Commentaries,Behind the Scenes
TRIP NEWTON,A Fanciful Character Study of a Lumberjack And a Car who must Discover a Cat in An Abandoned Amusement Park,2006,7,4.99,64,14.99,PG-13,Commentaries,Deleted Scenes
TRUMAN CRAZY,A Thrilling Epistle of a Moose And a Boy who must Meet a Database Administrator in A Monastery,2006,7,4.99,92,9.99,G,Trailers,Commentaries
TWISTED PIRATES,A Touching Display of a Frisbee And a Boat who must Kill a Girl in A MySQL Convention,2006,4,4.99,152,23.99,PG,Trailers,Commentaries,Deleted Scenes
TYCOON GATHERING,A Emotional Display of a Husband And a A Shark who must Succumb a Madman in A Manhattan Penthouse,2006,3,4.99,82,17.99,G,Trailers,Commentaries,Deleted Scenes
UNDEFEATED DALMATIONS,A Unbelieveable Display of a Crocodile And a Feminist who must Overcome a Moose in An Abandoned Amusement Park,2006,7,4.99,107,22.99,PG-13,Commentaries
USUAL UNTOUCHABLES,A Touching Display of a Explorer And a Lumberjack who must Fight a Forensic Psychologist in A Shark Tank,2006,5,4.99,128,21.99,PG-13,Trailers,Commentaries,Behind the Scenes
VAMPIRE WHALE,A Epic Story of a Lumberjack And a Monkey who must Confront a Pioneer in A MySQL Convention,2006,4,4.99,126,11.99,NC-17,Trailers,Commentaries
VANILLA DAY,A Fast-Paced Saga of a Girl And a Forensic Psychologist who must Redeem a Girl in Nigeria,2006,7,4.99,122,20.99,NC-17,Deleted Scenes,Behind the Scenes
VELVET TERMINATOR,A Lacklusture Tale of a Pastry Chef And a Technical Writer who must Confront a Crocodile in An Abandoned Amusement Park,2006,3,4.99,173,14.99,R,Behind the Scenes
VIDEOTAPE ARSENIC,A Lacklusture Display of a Girl And a Astronaut who must Succumb a Student in Australia,2006,4,4.99,145,10.99,NC-17,Commentaries,Deleted Scenes,Behind the Scenes
VILLAIN DESPERATE,A Boring Yarn of a Pioneer And a Feminist who must Redeem a Cat in An Abandoned Amusement Park,2006,4,4.99,76,27.99,PG-13,Trailers,Commentaries
VIRGIN DAISY,A Awe-Inspiring Documentary of a Robot And a Mad Scientist who must Reach a Database Administrator in A Shark Tank,2006,6,4.99,179,29.99,PG-13,Trailers,Behind the Scenes
VIRTUAL SPOILERS,A Fateful Tale of a Database Administrator And a Squirrel who must Discover a Student in Soviet Georgia,2006,3,4.99,144,14.99,NC-17,Commentaries,Deleted Scenes
VOLUME HOUSE,A Boring Tale of a Dog And a Woman who must Meet a Dentist in California,2006,7,4.99,132,12.99,PG,Commentaries
WAKE JAWS,A Beautiful Saga of a Feminist And a Composer who must Challenge a Moose in Berlin,2006,7,4.99,73,18.99,G,Trailers,Commentaries,Deleted Scenes,Behind the Scenes
WALLS ARTIST,A Insightful Panorama of a Teacher And a Teacher who must Overcome a Mad Cow in An Abandoned Fun House,2006,7,4.99,135,19.99,PG,Trailers,Behind the Scenes
WANDA CHAMBER,A Insightful Drama of a A Shark And a Pioneer who must Find a Womanizer in The Outback,2006,7,4.99,107,23.99,PG-13,Commentaries,Deleted Scenes,Behind the Scenes
WAR NOTTING,A Boring Drama of a Teacher And a Sumo Wrestler who must Challenge a Secret Agent in The Canadian Rockies,2006,7,4.99,80,26.99,G,Deleted Scenes,Behind the Scenes
WASH HEAVENLY,A Awe-Inspiring Reflection of a Cat And a Pioneer who must Escape a Hunter in Ancient China,2006,7,4.99,161,22.99,R,Commentaries
WATERFRONT DELIVERANCE,A Unbelieveable Documentary of a Dentist And a Technical Writer who must Build a Womanizer in Nigeria,2006,4,4.99,61,17.99,G,Behind the Scenes
WEREWOLF LOLA,A Fanciful Story of a Man And a Sumo Wrestler who must Outrace a Student in A Monastery,2006,6,4.99,79,19.99,G,Trailers,Behind the Scenes
WEST LION,A Intrepid Drama of a Butler And a Lumberjack who must Challenge a Database Administrator in A Manhattan Penthouse,2006,4,4.99,159,29.99,G,Trailers
WHALE BIKINI,A Intrepid Story of a Pastry Chef And a Database Administrator who must Kill a Feminist in A MySQL Convention,2006,4,4.99,109,11.99,PG-13,Commentaries,Deleted Scenes,Behind the Scenes
WHISPERER GIANT,A Intrepid Story of a Dentist And a Hunter who must Confront a Monkey in Ancient Japan,2006,4,4.99,59,24.99,PG-13,Trailers,Deleted Scenes
WIFE TURN,A Awe-Inspiring Epistle of a Teacher And a Feminist who must Confront a Pioneer in Ancient Japan,2006,3,4.99,183,27.99,NC-17,Deleted Scenes,Behind the Scenes
WITCHES PANIC,A Awe-Inspiring Drama of a Secret Agent And a Hunter who must Fight a Moose in Nigeria,2006,6,4.99,100,10.99,NC-17,Commentaries,Behind the Scenes
WIZARD COLDBLOODED,A Lacklusture Display of a Robot And a Girl who must Defeat a Sumo Wrestler in A MySQL Convention,2006,4,4.99,75,12.99,PG,Commentaries,Deleted Scenes,Behind the Scenes
WONDERLAND CHRISTMAS,A Awe-Inspiring Character Study of a Waitress And a Car who must Pursue a Mad Scientist in The First Manned Space Station,2006,4,4.99,111,19.99,PG,Commentaries
WORKING MICROCOSMOS,A Stunning Epistle of a Dentist And a Dog who must Kill a Madman in Ancient China,2006,4,4.99,74,22.99,R,Commentaries,Deleted Scenes
WYOMING STORM,A Awe-Inspiring Panorama of a Robot And a Boat who must Overcome a Feminist in A U-Boat,2006,6,4.99,100,29.99,PG-13,Deleted Scenes
YENTL IDAHO,A Amazing Display of a Robot And a Astronaut who must Fight a Womanizer in Berlin,2006,5,4.99,86,11.99,R,Trailers,Commentaries,Deleted Scenes
ZORRO ARK,A Intrepid Panorama of a Mad Scientist And a Boy who must Redeem a Boy in A Monastery,2006,3,4.99,50,18.99,NC-17,Trailers,Commentaries,Behind the Scenes
