PointNumber,Easting,Northing,Elevation,Code
1,512581.394,4300695.965,1889.919,GND
2,512494.625,4300695.828,1887.92,GND
3,512407.857,4300695.692,1898.242,GND
4,512321.089,4300695.556,1900.148,GND
5,512234.32,4300695.422,1912.134,GND
6,512147.552,4300695.288,1915.578,GND
7,512060.784,4300695.156,1910.004,GND
8,511974.016,4300695.024,1895.744,GND
9,511887.247,4300694.894,1895.666,GND
10,511800.479,4300694.764,1888.158,GND
11,512581.217,4300806.934,1909.223,GND
12,512494.45,4300806.796,1894.962,GND
13,512407.683,4300806.66,1899.112,GND
14,512320.916,4300806.525,1908.561,GND
15,512234.149,4300806.39,1916.891,GND
16,512147.382,4300806.257,1922.715,GND
17,512060.615,4300806.124,1919.677,GND
18,511973.848,4300805.993,1908.194,GND
19,511887.081,4300805.862,1911.555,GND
20,511800.314,4300805.732,1896.506,GND
21,512581.041,4300917.902,1914.229,GND
22,512494.275,4300917.765,1899.064,GND
23,512407.51,4300917.629,1899.427,GND
24,512320.744,4300917.493,1909.217,GND
25,512233.978,4300917.359,1915.032,GND
26,512147.212,4300917.225,1922.963,GND
27,512060.446,4300917.093,1923.114,GND
28,511973.68,4300916.961,1910.981,GND
29,511886.915,4300916.831,1896.916,GND
30,511800.149,4300916.701,1892.933,GND
31,512580.865,4301028.871,1918.981,GND
32,512494.1,4301028.733,1900.805,GND
33,512407.336,4301028.597,1901.507,GND
34,512320.571,4301028.462,1907.88,GND
35,512233.807,4301028.327,1916.381,GND
36,512147.042,4301028.194,1928.023,GND
37,512060.277,4301028.061,1923.647,GND
38,511973.513,4301027.93,1914.558,GND
39,511886.748,4301027.799,1900.156,GND
40,511799.983,4301027.669,1893.818,GND
41,512580.689,4301139.839,1923.815,GND
42,512493.925,4301139.702,1910.413,GND
43,512407.162,4301139.565,1901.517,GND
44,512320.399,4301139.43,1907.639,GND
45,512233.635,4301139.296,1921.132,GND
46,512146.872,4301139.162,1929.895,GND
47,512060.108,4301139.03,1926.181,GND
48,511973.345,4301138.898,1909.403,GND
49,511886.582,4301138.767,1897.734,GND
50,511799.818,4301138.638,1894.503,GND
51,512580.513,4301250.808,1921.008,GND
52,512493.75,4301250.67,1926.654,GND
53,512406.988,4301250.534,1919.998,GND
54,512320.226,4301250.399,1906.079,GND
55,512233.464,4301250.264,1906.834,GND
56,512146.702,4301250.131,1922.864,GND
57,512059.939,4301249.998,1930.476,GND
58,511973.177,4301249.866,1910.798,GND
59,511886.415,4301249.736,1897.554,GND
60,511799.653,4301249.606,1897.032,GND
61,512580.336,4301361.776,1915.013,GND
62,512493.575,4301361.639,1930.465,GND
63,512406.814,4301361.502,1929.949,GND
64,512320.053,4301361.367,1924.266,GND
65,512233.293,4301361.233,1915.04,GND
66,512146.532,4301361.099,1919.616,GND
67,512059.771,4301360.967,1930.361,GND
68,511973.01,4301360.835,1918.972,GND
69,511886.249,4301360.704,1919.161,GND
70,511799.488,4301360.575,1900.491,GND
71,512580.16,4301472.745,1906.249,GND
72,512493.4,4301472.607,1910.67,GND
73,512406.641,4301472.471,1924.069,GND
74,512319.881,4301472.336,1934.078,GND
75,512233.121,4301472.201,1924.834,GND
76,512146.361,4301472.068,1920.767,GND
77,512059.602,4301471.935,1934.408,GND
78,511972.842,4301471.803,1932.188,GND
79,511886.082,4301471.673,1917.706,GND
80,511799.322,4301471.543,1906.462,GND
81,512579.984,4301583.713,1912.763,CP
82,512493.225,4301583.576,1913.967,CP
83,512406.467,4301583.439,1934.591,CP
84,512319.708,4301583.304,1937.741,CP
85,512232.95,4301583.17,1934.808,CP
86,512146.191,4301583.036,1925.212,TP
87,512059.433,4301582.904,1936.358,TP
88,511972.674,4301582.772,1933.292,TP
89,511885.916,4301582.641,1916.358,TP
90,511799.157,4301582.512,1915.809,TP
91,512579.808,4301694.682,1921.061,TP
92,512493.05,4301694.544,1921.774,TP
93,512406.293,4301694.408,1940.714,TP
94,512319.536,4301694.273,1941.425,TP
95,512232.778,4301694.138,1939.79,TP
96,512146.021,4301694.005,1931.476,BM
97,512059.264,4301693.872,1936.995,BM
98,511972.506,4301693.741,1928.474,BM
99,511885.749,4301693.61,1918.445,BM
100,511798.992,4301693.48,1922.289,BM
101,511972.842,4301471.803,1932.188,GND
102,511886.082,4301471.673,1917.706,GND
103,511799.322,4301471.543,1906.462,GND
104,511712.563,4301471.414,1908.863,GND
105,511625.803,4301471.287,1897.891,GND
106,511539.043,4301471.16,1894.583,GND
107,511452.283,4301471.034,1890.84,GND
108,511365.524,4301470.909,1891.967,GND
109,511278.764,4301470.785,1892.911,GND
110,511192.004,4301470.662,1894.829,GND
111,511972.674,4301582.772,1933.292,GND
112,511885.916,4301582.641,1916.358,GND
113,511799.157,4301582.512,1915.809,GND
114,511712.399,4301582.383,1928.439,GND
115,511625.64,4301582.255,1902.897,GND
116,511538.881,4301582.128,1897.282,GND
117,511452.123,4301582.002,1892.989,GND
118,511365.364,4301581.877,1893.812,GND
119,511278.606,4301581.753,1895.102,GND
120,511191.847,4301581.63,1897.081,GND
121,511972.506,4301693.741,1928.474,GND
122,511885.749,4301693.61,1918.445,GND
123,511798.992,4301693.48,1922.289,GND
124,511712.234,4301693.351,1936.425,GND
125,511625.477,4301693.224,1908.339,GND
126,511538.72,4301693.097,1898.158,GND
127,511451.963,4301692.971,1894.842,GND
128,511365.205,4301692.846,1895.891,GND
129,511278.448,4301692.722,1896.97,GND
130,511191.691,4301692.599,1898.199,GND
131,511972.339,4301804.709,1931.883,GND
132,511885.583,4301804.578,1917.642,GND
133,511798.827,4301804.449,1931.051,GND
134,511712.07,4301804.32,1937.306,GND
135,511625.314,4301804.192,1912.23,GND
136,511538.558,4301804.065,1899.504,GND
137,511451.802,4301803.94,1896.422,GND
138,511365.046,4301803.815,1897.585,GND
139,511278.29,4301803.691,1898.6,GND
140,511191.534,4301803.568,1899.875,GND
141,511972.171,4301915.678,1939.276,GND
142,511885.416,4301915.547,1936.7,GND
143,511798.661,4301915.417,1928.203,GND
144,511711.906,4301915.289,1942.199,GND
145,511625.151,4301915.161,1917.923,GND
146,511538.397,4301915.034,1901.87,GND
147,511451.642,4301914.908,1898.748,GND
148,511364.887,4301914.783,1898.567,GND
149,511278.132,4301914.659,1900.044,GND
150,511191.377,4301914.536,1900.957,GND
151,511972.003,4302026.646,1943.439,GND
152,511885.25,4302026.516,1945.322,GND
153,511798.496,4302026.386,1931.646,GND
154,511711.742,4302026.257,1941.788,GND
155,511624.989,4302026.129,1926.807,GND
156,511538.235,4302026.003,1906.345,GND
157,511451.481,4302025.877,1901.136,GND
158,511364.728,4302025.752,1901.053,GND
159,511277.974,4302025.628,1902.034,GND
160,511191.22,4302025.505,1902.408,GND
161,511971.836,4302137.615,1946.172,GND
162,511885.083,4302137.484,1947.554,GND
163,511798.331,4302137.355,1942.645,GND
164,511711.578,4302137.226,1946.015,GND
165,511624.826,4302137.098,1932.886,GND
166,511538.073,4302136.971,1913.124,GND
167,511451.321,4302136.845,1903.93,GND
168,511364.568,4302136.72,1902.559,GND
169,511277.816,4302136.596,1904.241,GND
170,511191.063,4302136.473,1905.445,GND
171,511971.668,4302248.584,1951.162,GND
172,511884.917,4302248.453,1949.706,GND
173,511798.165,4302248.323,1951.38,GND
174,511711.414,4302248.194,1946.882,GND
175,511624.663,4302248.067,1946.151,GND
176,511537.912,4302247.94,1919.804,GND
177,511451.16,4302247.814,1910.44,GND
178,511364.409,4302247.689,1903.123,GND
179,511277.658,4302247.565,1906.237,GND
180,511190.907,4302247.442,1908.667,GND
181,511971.5,4302359.552,1953.619,GND
182,511884.75,4302359.422,1951.255,GND
183,511798.0,4302359.292,1952.815,GND
184,511711.25,4302359.163,1950.317,GND
185,511624.5,4302359.035,1952.508,GND
186,511537.75,4302358.908,1942.02,GND
187,511451.0,4302358.783,1916.786,GND
188,511364.25,4302358.658,1907.019,GND
189,511277.5,4302358.534,1908.89,GND
190,511190.75,4302358.411,1910.88,GND
191,511971.332,4302470.521,1958.816,GND
192,511884.584,4302470.39,1956.268,GND
193,511797.835,4302470.261,1953.888,GND
194,511711.086,4302470.132,1954.203,GND
195,511624.337,4302470.004,1959.32,GND
196,511537.588,4302469.877,1944.787,GND
197,511450.84,4302469.751,1917.654,GND
198,511364.091,4302469.626,1909.674,GND
199,511277.342,4302469.502,1910.053,GND
200,511190.593,4302469.379,1912.167,GND
201,511364.409,4302247.689,1903.123,GND
202,511277.658,4302247.565,1906.237,GND
203,511190.907,4302247.442,1908.667,GND
204,511104.155,4302247.32,1909.933,GND
205,511017.404,4302247.199,1913.457,GND
206,510930.653,4302247.078,1933.951,GND
207,510843.902,4302246.959,1952.37,GND
208,510757.15,4302246.841,1950.553,GND
209,510670.399,4302246.724,1950.659,GND
210,510583.648,4302246.607,1947.695,GND
211,511364.25,4302358.658,1907.019,GND
212,511277.5,4302358.534,1908.89,GND
213,511190.75,4302358.411,1910.88,GND
214,511104.0,4302358.288,1913.583,GND
215,511017.25,4302358.167,1915.18,GND
216,510930.5,4302358.047,1929.869,GND
217,510843.75,4302357.928,1949.742,GND
218,510757.0,4302357.81,1946.41,GND
219,510670.25,4302357.692,1964.342,GND
220,510583.5,4302357.576,1951.481,GND
221,511364.091,4302469.626,1909.674,GND
222,511277.342,4302469.502,1910.053,GND
223,511190.593,4302469.379,1912.167,GND
224,511103.844,4302469.257,1915.126,GND
225,511017.095,4302469.136,1917.751,GND
226,510930.347,4302469.016,1922.219,GND
227,510843.598,4302468.897,1941.562,GND
228,510756.849,4302468.778,1939.122,GND
229,510670.1,4302468.661,1950.932,GND
230,510583.351,4302468.545,1952.677,GND
231,511363.931,4302580.595,1915.747,GND
232,511277.184,4302580.471,1910.626,GND
233,511190.436,4302580.348,1912.072,GND
234,511103.689,4302580.226,1914.958,GND
235,511016.941,4302580.105,1917.872,GND
236,510930.193,4302579.984,1920.894,GND
237,510843.446,4302579.865,1930.077,GND
238,510756.698,4302579.747,1931.285,GND
239,510669.951,4302579.63,1938.905,GND
240,510583.203,4302579.513,1943.239,GND
241,511363.772,4302691.564,1918.439,GND
242,511277.026,4302691.44,1914.357,GND
243,511190.279,4302691.317,1913.052,GND
244,511103.533,4302691.195,1916.251,GND
245,511016.787,4302691.073,1918.457,GND
246,510930.04,4302690.953,1921.969,GND
247,510843.294,4302690.834,1931.07,GND
248,510756.548,4302690.716,1930.935,GND
249,510669.801,4302690.598,1930.772,GND
250,510583.055,4302690.482,1939.825,GND
251,511363.613,4302802.532,1922.354,GND
252,511276.868,4302802.408,1918.2,GND
253,511190.123,4302802.285,1916.974,GND
254,511103.377,4302802.163,1915.826,GND
255,511016.632,4302802.042,1919.234,GND
256,510929.887,4302801.922,1934.33,GND
257,510843.142,4302801.803,1949.546,GND
258,510756.397,4302801.684,1932.392,GND
259,510669.652,4302801.567,1930.977,GND
260,510582.907,4302801.451,1938.305,GND
261,511363.454,4302913.501,1926.014,GND
262,511276.71,4302913.377,1920.147,GND
263,511189.966,4302913.254,1920.571,GND
264,511103.222,4302913.132,1917.67,GND
265,511016.478,4302913.011,1920.536,GND
266,510929.734,4302912.891,1936.129,GND
267,510842.99,4302912.771,1954.712,GND
268,510756.246,4302912.653,1944.129,GND
269,510669.502,4302912.536,1935.145,GND
270,510582.758,4302912.419,1941.686,GND
271,511363.295,4303024.47,1931.348,GND
272,511276.552,4303024.346,1924.689,GND
273,511189.809,4303024.223,1922.808,GND
274,511103.066,4303024.101,1920.943,GND
275,511016.324,4303023.98,1923.69,GND
276,510929.581,4303023.859,1930.505,GND
277,510842.838,4303023.74,1950.739,GND
278,510756.095,4303023.622,1945.445,GND
279,510669.353,4303023.504,1939.179,GND
280,510582.61,4303023.388,1939.18,GND
281,511363.135,4303135.439,1938.347,GND
282,511276.394,4303135.315,1927.166,GND
283,511189.652,4303135.192,1924.851,GND
284,511102.911,4303135.07,1922.904,GND
285,511016.169,4303134.948,1924.403,GND
286,510929.428,4303134.828,1928.322,GND
287,510842.686,4303134.709,1933.625,GND
288,510755.945,4303134.591,1941.004,GND
289,510669.203,4303134.473,1943.676,GND
290,510582.462,4303134.357,1943.713,GND
291,511362.976,4303246.407,1946.96,GND
292,511276.236,4303246.283,1932.836,GND
293,511189.495,4303246.16,1928.873,GND
294,511102.755,4303246.038,1926.2,GND
295,511016.015,4303245.917,1925.945,GND
296,510929.275,4303245.797,1931.6,GND
297,510842.534,4303245.678,1946.354,GND
298,510755.794,4303245.559,1965.089,GND
299,510669.054,4303245.442,1948.025,GND
300,510582.313,4303245.326,1946.778,GND
